,Peso (kg),Altura (cm),Idade (anos),IMC,Classificação
0,47,161,31,18.132016511708652,Subpeso
1,80,170,21,27.68166089965398,Sobrepeso
2,60,175,16,19.591836734693878,Normal
3,90,162,28,34.293552812071326,Obesidade Grau I
4,100,185,23,29.218407596785973,Sobrepeso
5,147,189,32,41.1522633744856,Obesidade Grau II
